{
    "map_id": "byd_purgatorium",
    "is_legacy": false,
    "chapter": 1001,
    "available_from": -1,
    "available_to": 9999999999999,
    "is_repeatable": false,
    "require_id": "purgatorium2",
    "require_type": "chart_unlock",
    "coordinate": "-900,-650",
    "is_beyond": true,
    "stamina_cost": 3,
    "beyond_health": 200,
    "character_affinity": [13, 1],
    "affinity_multiplier": [2.6, 1.6],
    "step_count": 5,
    "custom_bg": "",
    "curr_position": 0,
    "curr_capture": 0,
    "is_locked": false,
    "steps": [{
        "map_id": "byd_purgatorium",
        "position": 0,
        "capture": 75
    }, {
        "map_id": "byd_purgatorium",
        "position": 1,
        "capture": 25,
        "items": [{
            "type": "core",
            "id": "core_generic",
            "amount": 1
        }]
    }, {
        "map_id": "byd_purgatorium",
        "position": 2,
        "capture": 25,
        "items": [{
            "type": "core",
            "id": "core_generic",
            "amount": 1
        }]
    }, {
        "map_id": "byd_purgatorium",
        "position": 3,
        "capture": 75,
        "items": [{
            "type": "core",
            "id": "core_generic",
            "amount": 1
        }]
    }, {
        "map_id": "byd_purgatorium",
        "position": 4,
        "capture": 0,
        "items": [{
            "id": "purgatorium3",
            "type": "world_song"
        }]
    }]
}