{
	"map_id": "byd_dement",
	"is_legacy": false,
	"chapter": 1001,
	"available_from": -1,
	"available_to": 9999999999999,
	"is_repeatable": false,
	"require_id": "dement2",
	"require_type": "chart_unlock",
	"coordinate": "-400,-650",
	"is_beyond": true,
	"stamina_cost": 3,
	"beyond_health": 250,
	"character_affinity": [13, 1],
	"affinity_multiplier": [2.6, 1.6],
	"step_count": 4,
	"custom_bg": "",
	"curr_position": 0,
	"curr_capture": 0,
	"is_locked": false,
	"steps": [{
		"map_id": "byd_dement",
		"position": 0,
		"capture": 100.2865329512894
	}, {
		"map_id": "byd_dement",
		"position": 1,
		"capture": 110.31518624641834,
		"items": [{
			"type": "core",
			"id": "core_generic",
			"amount": 1
		}]
	}, {
		"map_id": "byd_dement",
		"position": 2,
		"capture": 39.39828080229226,
		"items": [{
			"type": "fragment",
			"amount": 1200
		}]
	}, {
		"map_id": "byd_dement",
		"position": 3,
		"capture": 0,
		"items": [{
			"id": "dement3",
			"type": "world_song"
		}]
	}]
}