{
    "map_id": "extra_originals",
    "is_legacy": false,
    "is_beyond": false,
    "beyond_health": 100,
    "character_affinity": [],
    "affinity_multiplier": [],
    "chapter": 2,
    "available_from": -1,
    "available_to": 2106124800000,
    "is_repeatable": false,
    "require_id": "",
    "require_type": "",
    "require_value": 1,
    "coordinate": "0,-200",
    "step_count": 101,
    "custom_bg": "",
    "stamina_cost": 2,
    "curr_position": 0,
    "curr_capture": 0,
    "is_locked": false,
    "steps": [{
        "position": 0,
        "capture": 2
    }, {
        "position": 1,
        "capture": 3
    }, {
        "position": 2,
        "capture": 4
    }, {
        "position": 3,
        "capture": 5
    }, {
        "position": 4,
        "capture": 6,
        "restrict_id": "infinityheaven",
        "restrict_type": "song_id"
    }, {
        "position": 5,
        "capture": 7,
        "items": [{
            "type": "fragment",
            "amount": 50
        }]
    }, {
        "position": 6,
        "capture": 8
    }, {
        "position": 7,
        "capture": 9
    }, {
        "position": 8,
        "capture": 10
    }, {
        "position": 9,
        "capture": 11,
        "restrict_id": "infinityheaven",
        "restrict_type": "song_id"
    }, {
        "position": 10,
        "capture": 12,
        "items": [{
            "type": "fragment",
            "amount": 60
        }]
    }, {
        "position": 11,
        "capture": 13
    }, {
        "position": 12,
        "capture": 14
    }, {
        "position": 13,
        "capture": 15
    }, {
        "position": 14,
        "capture": 16,
        "restrict_id": "infinityheaven",
        "restrict_type": "song_id"
    }, {
        "position": 15,
        "capture": 17,
        "items": [{
            "type": "fragment",
            "amount": 70
        }]
    }, {
        "position": 16,
        "capture": 16,
        "restrict_id": "reinvent",
        "restrict_type": "song_id"
    }, {
        "position": 17,
        "capture": 15
    }, {
        "position": 18,
        "capture": 14
    }, {
        "position": 19,
        "capture": 13
    }, {
        "position": 20,
        "capture": 12,
        "items": [{
            "type": "fragment",
            "amount": 60
        }]
    }, {
        "position": 21,
        "capture": 11,
        "restrict_id": "reinvent",
        "restrict_type": "song_id"
    }, {
        "position": 22,
        "capture": 10
    }, {
        "position": 23,
        "capture": 9
    }, {
        "position": 24,
        "capture": 8
    }, {
        "position": 25,
        "capture": 7,
        "items": [{
            "type": "fragment",
            "amount": 50
        }]
    }, {
        "position": 26,
        "capture": 6,
        "restrict_id": "reinvent",
        "restrict_type": "song_id"
    }, {
        "position": 27,
        "capture": 5
    }, {
        "position": 28,
        "capture": 4
    }, {
        "position": 29,
        "capture": 3,
        "items": [{
            "type": "core",
            "id": "core_generic",
            "amount": 1
        }]
    }, {
        "position": 30,
        "capture": 4,
        "items": [{
            "id": "syro",
            "type": "world_song"
        }]
    }, {
        "position": 31,
        "capture": 5,
        "items": [{
            "type": "core",
            "id": "core_generic",
            "amount": 1
        }]
    }, {
        "position": 32,
        "capture": 6
    }, {
        "position": 33,
        "capture": 7
    }, {
        "position": 34,
        "capture": 8,
        "restrict_id": "dement",
        "restrict_type": "song_id"
    }, {
        "position": 35,
        "capture": 9,
        "items": [{
            "type": "fragment",
            "amount": 60
        }]
    }, {
        "position": 36,
        "capture": 10
    }, {
        "position": 37,
        "capture": 11
    }, {
        "position": 38,
        "capture": 12
    }, {
        "position": 39,
        "capture": 13,
        "restrict_id": "dement",
        "restrict_type": "song_id"
    }, {
        "position": 40,
        "capture": 14,
        "items": [{
            "type": "fragment",
            "amount": 70
        }]
    }, {
        "position": 41,
        "capture": 15
    }, {
        "position": 42,
        "capture": 16
    }, {
        "position": 43,
        "capture": 17
    }, {
        "position": 44,
        "capture": 18,
        "restrict_id": "dement",
        "restrict_type": "song_id"
    }, {
        "position": 45,
        "capture": 19,
        "items": [{
            "type": "fragment",
            "amount": 80
        }]
    }, {
        "position": 46,
        "capture": 18,
        "restrict_id": "syro",
        "restrict_type": "song_id"
    }, {
        "position": 47,
        "capture": 17
    }, {
        "position": 48,
        "capture": 16
    }, {
        "position": 49,
        "capture": 15
    }, {
        "position": 50,
        "capture": 14,
        "items": [{
            "type": "fragment",
            "amount": 70
        }]
    }, {
        "position": 51,
        "capture": 13,
        "restrict_id": "syro",
        "restrict_type": "song_id"
    }, {
        "position": 52,
        "capture": 12
    }, {
        "position": 53,
        "capture": 11
    }, {
        "position": 54,
        "capture": 10
    }, {
        "position": 55,
        "capture": 9,
        "items": [{
            "type": "fragment",
            "amount": 60
        }]
    }, {
        "position": 56,
        "capture": 8,
        "restrict_id": "syro",
        "restrict_type": "song_id"
    }, {
        "position": 57,
        "capture": 7
    }, {
        "position": 58,
        "capture": 6
    }, {
        "position": 59,
        "capture": 5,
        "items": [{
            "type": "core",
            "id": "core_generic",
            "amount": 1
        }]
    }, {
        "position": 60,
        "capture": 6,
        "items": [{
            "id": "blaster",
            "type": "world_song"
        }]
    }, {
        "position": 61,
        "capture": 7,
        "items": [{
            "type": "core",
            "id": "core_generic",
            "amount": 1
        }]
    }, {
        "position": 62,
        "capture": 8
    }, {
        "position": 63,
        "capture": 9
    }, {
        "position": 64,
        "capture": 10,
        "restrict_id": "syro",
        "restrict_type": "song_id"
    }, {
        "position": 65,
        "capture": 11,
        "items": [{
            "type": "fragment",
            "amount": 70
        }]
    }, {
        "position": 66,
        "capture": 12
    }, {
        "position": 67,
        "capture": 13
    }, {
        "position": 68,
        "capture": 14
    }, {
        "position": 69,
        "capture": 15,
        "restrict_id": "syro",
        "restrict_type": "song_id"
    }, {
        "position": 70,
        "capture": 16,
        "items": [{
            "type": "fragment",
            "amount": 80
        }]
    }, {
        "position": 71,
        "capture": 17
    }, {
        "position": 72,
        "capture": 18
    }, {
        "position": 73,
        "capture": 19
    }, {
        "position": 74,
        "capture": 20,
        "restrict_id": "syro",
        "restrict_type": "song_id"
    }, {
        "position": 75,
        "capture": 21,
        "items": [{
            "type": "fragment",
            "amount": 90
        }]
    }, {
        "position": 76,
        "capture": 22
    }, {
        "position": 77,
        "capture": 23
    }, {
        "position": 78,
        "capture": 23
    }, {
        "position": 79,
        "capture": 22
    }, {
        "position": 80,
        "capture": 21,
        "items": [{
            "type": "fragment",
            "amount": 90
        }]
    }, {
        "position": 81,
        "capture": 20,
        "restrict_id": "blaster",
        "restrict_type": "song_id"
    }, {
        "position": 82,
        "capture": 19
    }, {
        "position": 83,
        "capture": 18
    }, {
        "position": 84,
        "capture": 17
    }, {
        "position": 85,
        "capture": 16,
        "items": [{
            "type": "fragment",
            "amount": 80
        }]
    }, {
        "position": 86,
        "capture": 15,
        "restrict_id": "blaster",
        "restrict_type": "song_id"
    }, {
        "position": 87,
        "capture": 14
    }, {
        "position": 88,
        "capture": 13
    }, {
        "position": 89,
        "capture": 12
    }, {
        "position": 90,
        "capture": 11,
        "items": [{
            "type": "fragment",
            "amount": 70
        }]
    }, {
        "position": 91,
        "capture": 10,
        "restrict_id": "blaster",
        "restrict_type": "song_id"
    }, {
        "position": 92,
        "capture": 9
    }, {
        "position": 93,
        "capture": 8
    }, {
        "position": 94,
        "capture": 7,
        "items": [{
            "type": "core",
            "id": "core_generic",
            "amount": 1
        }]
    }, {
        "position": 95,
        "capture": 8,
        "items": [{
            "id": "cyberneciacatharsis",
            "type": "world_song"
        }]
    }, {
        "position": 96,
        "capture": 400
    }, {
        "position": 97,
        "capture": 2,
        "step_type": ["plusstamina"],
        "plus_stamina_value": 6
    }, {
        "position": 98,
        "capture": 450,
        "items": [{
            "type": "core",
            "id": "core_crimson",
            "amount": 5
        }]
    }, {
        "position": 99,
        "capture": 1,
        "step_type": ["plusstamina"],
        "plus_stamina_value": 6
    }, {
        "position": 100,
        "capture": 0,
        "items": [{
            "type": "core",
            "id": "core_crimson",
            "amount": 5
        }]
    }]
}