{
    "map_id": "hikari_art",
    "is_beyond": false,
    "beyond_health": 100,
    "character_affinity": [],
    "affinity_multiplier": [],
    "chapter": 1,
    "available_from": -1,
    "available_to": 2106124800000,
    "is_repeatable": false,
    "require_id": "",
    "require_type": "",
    "require_value": 1,
    "is_legacy": true,
    "stamina_cost": 1,
    "coordinate": "-270,150",
    "step_count": 91,
    "custom_bg": "",
    "curr_position": 0,
    "curr_capture": 0,
    "is_locked": false,
    "steps": [{
        "position": 0,
        "capture": 5
    }, {
        "position": 1,
        "capture": 5
    }, {
        "position": 2,
        "capture": 5
    }, {
        "position": 3,
        "capture": 5
    }, {
        "position": 4,
        "capture": 5
    }, {
        "position": 5,
        "capture": 6,
        "items": [{
            "id": "babaroque",
            "type": "world_song"
        }]
    }, {
        "position": 6,
        "capture": 6
    }, {
        "position": 7,
        "capture": 6
    }, {
        "position": 8,
        "capture": 6
    }, {
        "position": 9,
        "capture": 6
    }, {
        "position": 10,
        "capture": 6,
        "items": [{
            "type": "fragment",
            "amount": 25
        }]
    }, {
        "position": 11,
        "capture": 6
    }, {
        "position": 12,
        "capture": 6
    }, {
        "position": 13,
        "capture": 6,
        "restrict_id": "babaroque",
        "restrict_type": "song_id"
    }, {
        "position": 14,
        "capture": 6,
        "restrict_id": "babaroque",
        "restrict_type": "song_id"
    }, {
        "position": 15,
        "capture": 6,
        "items": [{
            "type": "fragment",
            "amount": 50
        }]
    }, {
        "position": 16,
        "capture": 6
    }, {
        "position": 17,
        "capture": 6
    }, {
        "position": 18,
        "capture": 6
    }, {
        "position": 19,
        "capture": 6
    }, {
        "position": 20,
        "capture": 6,
        "items": [{
            "type": "fragment",
            "amount": 25
        }]
    }, {
        "position": 21,
        "capture": 6
    }, {
        "position": 22,
        "capture": 6
    }, {
        "position": 23,
        "capture": 6
    }, {
        "position": 24,
        "capture": 6
    }, {
        "position": 25,
        "capture": 6,
        "items": [{
            "type": "fragment",
            "amount": 25
        }]
    }, {
        "position": 26,
        "capture": 6
    }, {
        "position": 27,
        "capture": 6,
        "items": [{
            "type": "core",
            "id": "core_generic",
            "amount": 1
        }]
    }, {
        "position": 28,
        "capture": 6,
        "restrict_id": "babaroque",
        "restrict_type": "song_id"
    }, {
        "position": 29,
        "capture": 6,
        "restrict_id": "babaroque",
        "restrict_type": "song_id"
    }, {
        "position": 30,
        "capture": 7,
        "items": [{
            "id": "shadesoflight",
            "type": "world_song"
        }]
    }, {
        "position": 31,
        "capture": 7
    }, {
        "position": 32,
        "capture": 7
    }, {
        "position": 33,
        "capture": 7
    }, {
        "position": 34,
        "capture": 7
    }, {
        "position": 35,
        "capture": 7,
        "items": [{
            "type": "fragment",
            "amount": 25
        }]
    }, {
        "position": 36,
        "capture": 7
    }, {
        "position": 37,
        "capture": 7
    }, {
        "position": 38,
        "capture": 7
    }, {
        "position": 39,
        "capture": 7
    }, {
        "position": 40,
        "capture": 7,
        "items": [{
            "type": "fragment",
            "amount": 25
        }]
    }, {
        "position": 41,
        "capture": 7
    }, {
        "position": 42,
        "capture": 7
    }, {
        "position": 43,
        "capture": 7,
        "restrict_id": "shadesoflight",
        "restrict_type": "song_id"
    }, {
        "position": 44,
        "capture": 7,
        "restrict_id": "shadesoflight",
        "restrict_type": "song_id"
    }, {
        "position": 45,
        "capture": 7,
        "items": [{
            "type": "fragment",
            "amount": 50
        }]
    }, {
        "position": 46,
        "capture": 7
    }, {
        "position": 47,
        "capture": 7
    }, {
        "position": 48,
        "capture": 7
    }, {
        "position": 49,
        "capture": 7
    }, {
        "position": 50,
        "capture": 7,
        "items": [{
            "type": "fragment",
            "amount": 25
        }]
    }, {
        "position": 51,
        "capture": 7
    }, {
        "position": 52,
        "capture": 7
    }, {
        "position": 53,
        "capture": 7
    }, {
        "position": 54,
        "capture": 7
    }, {
        "position": 55,
        "capture": 7,
        "items": [{
            "type": "fragment",
            "amount": 25
        }]
    }, {
        "position": 56,
        "capture": 7
    }, {
        "position": 57,
        "capture": 7
    }, {
        "position": 58,
        "capture": 7,
        "restrict_id": "shadesoflight",
        "restrict_type": "song_id"
    }, {
        "position": 59,
        "capture": 7,
        "restrict_id": "shadesoflight",
        "restrict_type": "song_id"
    }, {
        "position": 60,
        "capture": 7,
        "items": [{
            "type": "fragment",
            "amount": 50
        }]
    }, {
        "position": 61,
        "capture": 7
    }, {
        "position": 62,
        "capture": 7
    }, {
        "position": 63,
        "capture": 7
    }, {
        "position": 64,
        "capture": 7
    }, {
        "position": 65,
        "capture": 7,
        "items": [{
            "type": "fragment",
            "amount": 25
        }]
    }, {
        "position": 66,
        "capture": 7
    }, {
        "position": 67,
        "capture": 7
    }, {
        "position": 68,
        "capture": 7
    }, {
        "position": 69,
        "capture": 7
    }, {
        "position": 70,
        "capture": 7,
        "items": [{
            "type": "core",
            "id": "core_generic",
            "amount": 1
        }]
    }, {
        "position": 71,
        "capture": 7,
        "restrict_id": "babaroque",
        "restrict_type": "song_id"
    }, {
        "position": 72,
        "capture": 7,
        "restrict_id": "babaroque",
        "restrict_type": "song_id"
    }, {
        "position": 73,
        "capture": 7,
        "restrict_id": "shadesoflight",
        "restrict_type": "song_id"
    }, {
        "position": 74,
        "capture": 7,
        "restrict_id": "shadesoflight",
        "restrict_type": "song_id"
    }, {
        "position": 75,
        "capture": 100,
        "items": [{
            "id": "kanagawa",
            "type": "world_song"
        }]
    }, {
        "position": 76,
        "capture": 100
    }, {
        "position": 77,
        "capture": 100
    }, {
        "position": 78,
        "capture": 100
    }, {
        "position": 79,
        "capture": 100,
        "restrict_id": "lucifer",
        "restrict_type": "song_id"
    }, {
        "position": 80,
        "capture": 100,
        "items": [{
            "type": "core",
            "id": "core_hollow",
            "amount": 5
        }]
    }, {
        "position": 81,
        "capture": 150
    }, {
        "position": 82,
        "capture": 150
    }, {
        "position": 83,
        "capture": 150
    }, {
        "position": 84,
        "capture": 150,
        "restrict_id": "anokumene",
        "restrict_type": "song_id"
    }, {
        "position": 85,
        "capture": 150,
        "items": [{
            "type": "core",
            "id": "core_hollow",
            "amount": 5
        }]
    }, {
        "position": 86,
        "capture": 200
    }, {
        "position": 87,
        "capture": 200
    }, {
        "position": 88,
        "capture": 200
    }, {
        "position": 89,
        "capture": 200,
        "restrict_id": "ignotus",
        "restrict_type": "song_id"
    }, {
        "position": 90,
        "capture": 0,
        "items": [{
            "type": "core",
            "id": "core_hollow",
            "amount": 5
        }]
    }]
}