{
    "map_id": "hikari_happy",
    "is_beyond": false,
    "beyond_health": 100,
    "character_affinity": [],
    "affinity_multiplier": [],
    "chapter": 1,
    "available_from": -1,
    "available_to": 2106124800000,
    "is_repeatable": false,
    "require_id": "",
    "require_type": "fragment",
    "require_value": 200,
    "is_legacy": true,
    "stamina_cost": 1,
    "coordinate": "270,150",
    "step_count": 136,
    "custom_bg": "",
    "curr_position": 0,
    "curr_capture": 0,
    "is_locked": false,
    "steps": [{
        "position": 0,
        "capture": 8
    }, {
        "position": 1,
        "capture": 8
    }, {
        "position": 2,
        "capture": 8
    }, {
        "position": 3,
        "capture": 8
    }, {
        "position": 4,
        "capture": 8
    }, {
        "position": 5,
        "capture": 8,
        "items": [{
            "type": "fragment",
            "amount": 25
        }]
    }, {
        "position": 6,
        "capture": 8
    }, {
        "position": 7,
        "capture": 8
    }, {
        "position": 8,
        "capture": 8
    }, {
        "position": 9,
        "capture": 8
    }, {
        "position": 10,
        "capture": 9,
        "items": [{
            "id": "harutopia",
            "type": "world_song"
        }]
    }, {
        "position": 11,
        "capture": 9
    }, {
        "position": 12,
        "capture": 9
    }, {
        "position": 13,
        "capture": 9
    }, {
        "position": 14,
        "capture": 9
    }, {
        "position": 15,
        "capture": 9,
        "items": [{
            "type": "fragment",
            "amount": 25
        }]
    }, {
        "position": 16,
        "capture": 9
    }, {
        "position": 17,
        "capture": 9
    }, {
        "position": 18,
        "capture": 9,
        "restrict_id": "harutopia",
        "restrict_type": "song_id"
    }, {
        "position": 19,
        "capture": 9,
        "restrict_id": "harutopia",
        "restrict_type": "song_id"
    }, {
        "position": 20,
        "capture": 9,
        "items": [{
            "type": "fragment",
            "amount": 50
        }]
    }, {
        "position": 21,
        "capture": 9
    }, {
        "position": 22,
        "capture": 9
    }, {
        "position": 23,
        "capture": 9
    }, {
        "position": 24,
        "capture": 9
    }, {
        "position": 25,
        "capture": 9,
        "items": [{
            "type": "fragment",
            "amount": 25
        }]
    }, {
        "position": 26,
        "capture": 9
    }, {
        "position": 27,
        "capture": 9
    }, {
        "position": 28,
        "capture": 9
    }, {
        "position": 29,
        "capture": 9
    }, {
        "position": 30,
        "capture": 9,
        "items": [{
            "type": "fragment",
            "amount": 25
        }]
    }, {
        "position": 31,
        "capture": 9
    }, {
        "position": 32,
        "capture": 9,
        "items": [{
            "type": "core",
            "id": "core_generic",
            "amount": 1
        }]
    }, {
        "position": 33,
        "capture": 9,
        "restrict_id": "harutopia",
        "restrict_type": "song_id"
    }, {
        "position": 34,
        "capture": 9,
        "restrict_id": "harutopia",
        "restrict_type": "song_id"
    }, {
        "position": 35,
        "capture": 9,
        "items": [{
            "type": "fragment",
            "amount": 50
        }]
    }, {
        "position": 36,
        "capture": 9
    }, {
        "position": 37,
        "capture": 9
    }, {
        "position": 38,
        "capture": 9
    }, {
        "position": 39,
        "capture": 9
    }, {
        "position": 40,
        "capture": 9,
        "items": [{
            "type": "fragment",
            "amount": 25
        }]
    }, {
        "position": 41,
        "capture": 9
    }, {
        "position": 42,
        "capture": 9
    }, {
        "position": 43,
        "capture": 9
    }, {
        "position": 44,
        "capture": 9
    }, {
        "position": 45,
        "capture": 9,
        "items": [{
            "type": "fragment",
            "amount": 25
        }]
    }, {
        "position": 46,
        "capture": 9
    }, {
        "position": 47,
        "capture": 9
    }, {
        "position": 48,
        "capture": 9
    }, {
        "position": 49,
        "capture": 9
    }, {
        "position": 50,
        "capture": 9,
        "items": [{
            "type": "core",
            "id": "core_generic",
            "amount": 1
        }]
    }, {
        "position": 51,
        "capture": 9
    }, {
        "position": 52,
        "capture": 9
    }, {
        "position": 53,
        "capture": 9,
        "restrict_id": "harutopia",
        "restrict_type": "song_id"
    }, {
        "position": 54,
        "capture": 9,
        "restrict_id": "harutopia",
        "restrict_type": "song_id"
    }, {
        "position": 55,
        "capture": 10,
        "items": [{
            "id": "goodtek",
            "type": "world_song"
        }]
    }, {
        "position": 56,
        "capture": 10
    }, {
        "position": 57,
        "capture": 10
    }, {
        "position": 58,
        "capture": 10
    }, {
        "position": 59,
        "capture": 10
    }, {
        "position": 60,
        "capture": 10,
        "items": [{
            "type": "fragment",
            "amount": 25
        }]
    }, {
        "position": 61,
        "capture": 10
    }, {
        "position": 62,
        "capture": 10
    }, {
        "position": 63,
        "capture": 10
    }, {
        "position": 64,
        "capture": 10
    }, {
        "position": 65,
        "capture": 10,
        "items": [{
            "type": "fragment",
            "amount": 25
        }]
    }, {
        "position": 66,
        "capture": 10
    }, {
        "position": 67,
        "capture": 10
    }, {
        "position": 68,
        "capture": 10,
        "restrict_id": "goodtek",
        "restrict_type": "song_id"
    }, {
        "position": 69,
        "capture": 10,
        "restrict_id": "goodtek",
        "restrict_type": "song_id"
    }, {
        "position": 70,
        "capture": 10,
        "items": [{
            "type": "fragment",
            "amount": 50
        }]
    }, {
        "position": 71,
        "capture": 10
    }, {
        "position": 72,
        "capture": 10
    }, {
        "position": 73,
        "capture": 10
    }, {
        "position": 74,
        "capture": 10
    }, {
        "position": 75,
        "capture": 10,
        "items": [{
            "type": "fragment",
            "amount": 25
        }]
    }, {
        "position": 76,
        "capture": 10
    }, {
        "position": 77,
        "capture": 10
    }, {
        "position": 78,
        "capture": 10
    }, {
        "position": 79,
        "capture": 10
    }, {
        "position": 80,
        "capture": 10,
        "items": [{
            "type": "fragment",
            "amount": 25
        }]
    }, {
        "position": 81,
        "capture": 10
    }, {
        "position": 82,
        "capture": 10,
        "items": [{
            "type": "core",
            "id": "core_generic",
            "amount": 1
        }]
    }, {
        "position": 83,
        "capture": 10,
        "restrict_id": "goodtek",
        "restrict_type": "song_id"
    }, {
        "position": 84,
        "capture": 10,
        "restrict_id": "goodtek",
        "restrict_type": "song_id"
    }, {
        "position": 85,
        "capture": 10,
        "items": [{
            "type": "fragment",
            "amount": 50
        }]
    }, {
        "position": 86,
        "capture": 10
    }, {
        "position": 87,
        "capture": 10
    }, {
        "position": 88,
        "capture": 10
    }, {
        "position": 89,
        "capture": 10
    }, {
        "position": 90,
        "capture": 10,
        "items": [{
            "type": "fragment",
            "amount": 25
        }]
    }, {
        "position": 91,
        "capture": 10
    }, {
        "position": 92,
        "capture": 10
    }, {
        "position": 93,
        "capture": 10
    }, {
        "position": 94,
        "capture": 10
    }, {
        "position": 95,
        "capture": 10,
        "items": [{
            "type": "fragment",
            "amount": 25
        }]
    }, {
        "position": 96,
        "capture": 10
    }, {
        "position": 97,
        "capture": 10,
        "items": [{
            "type": "core",
            "id": "core_generic",
            "amount": 1
        }]
    }, {
        "position": 98,
        "capture": 10,
        "restrict_id": "goodtek",
        "restrict_type": "song_id"
    }, {
        "position": 99,
        "capture": 10,
        "restrict_id": "goodtek",
        "restrict_type": "song_id"
    }, {
        "position": 100,
        "capture": 10,
        "items": [{
            "type": "fragment",
            "amount": 50
        }]
    }, {
        "position": 101,
        "capture": 10
    }, {
        "position": 102,
        "capture": 10
    }, {
        "position": 103,
        "capture": 10
    }, {
        "position": 104,
        "capture": 10
    }, {
        "position": 105,
        "capture": 10,
        "items": [{
            "type": "fragment",
            "amount": 25
        }]
    }, {
        "position": 106,
        "capture": 10
    }, {
        "position": 107,
        "capture": 10
    }, {
        "position": 108,
        "capture": 10
    }, {
        "position": 109,
        "capture": 10
    }, {
        "position": 110,
        "capture": 10,
        "items": [{
            "type": "fragment",
            "amount": 25
        }]
    }, {
        "position": 111,
        "capture": 10
    }, {
        "position": 112,
        "capture": 10
    }, {
        "position": 113,
        "capture": 10
    }, {
        "position": 114,
        "capture": 10
    }, {
        "position": 115,
        "capture": 10,
        "items": [{
            "type": "fragment",
            "amount": 25
        }]
    }, {
        "position": 116,
        "capture": 10
    }, {
        "position": 117,
        "capture": 10
    }, {
        "position": 118,
        "capture": 10
    }, {
        "position": 119,
        "capture": 10
    }, {
        "position": 120,
        "capture": 10,
        "items": [{
            "type": "core",
            "id": "core_generic",
            "amount": 1
        }]
    }, {
        "position": 121,
        "capture": 10,
        "restrict_id": "harutopia",
        "restrict_type": "song_id"
    }, {
        "position": 122,
        "capture": 10,
        "restrict_id": "harutopia",
        "restrict_type": "song_id"
    }, {
        "position": 123,
        "capture": 10,
        "restrict_id": "goodtek",
        "restrict_type": "song_id"
    }, {
        "position": 124,
        "capture": 10,
        "restrict_id": "goodtek",
        "restrict_type": "song_id"
    }, {
        "position": 125,
        "capture": 25,
        "items": [{
            "id": "dreaminattraction",
            "type": "world_song"
        }]
    }, {
        "position": 126,
        "capture": 25
    }, {
        "position": 127,
        "capture": 25
    }, {
        "position": 128,
        "capture": 25
    }, {
        "position": 129,
        "capture": 25
    }, {
        "position": 130,
        "capture": 25,
        "step_type": ["plusstamina"],
        "plus_stamina_value": 4
    }, {
        "position": 131,
        "capture": 25,
        "restrict_id": "harutopia",
        "restrict_type": "song_id"
    }, {
        "position": 132,
        "capture": 25,
        "restrict_id": "harutopia",
        "restrict_type": "song_id"
    }, {
        "position": 133,
        "capture": 25,
        "restrict_id": "harutopia",
        "restrict_type": "song_id"
    }, {
        "position": 134,
        "capture": 25,
        "restrict_id": "harutopia",
        "restrict_type": "song_id"
    }, {
        "position": 135,
        "capture": 0,
        "items": [{
            "type": "core",
            "id": "core_hollow",
            "amount": 5
        }]
    }]
}